"STATION","NAME","DATE","AWND","PGTM","PRCP","SNOW","SNWD","TAVG","TMAX","TMIN","WDF2","WDF5","WSF2","WSF5","WT01","WT02","WT03","WT04","WT05","WT06","WT08"
"USW00014740","HARTFORD BRADLEY INTERNATIONAL AIRPORT, CT US","2023-01-01","6.71",,"0.03","0.0","0.0","47","51","33","  300","  320","21.9","27.1","    1","    1",,,,,"    1"
"USW00014740","HARTFORD BRADLEY INTERNATIONAL AIRPORT, CT US","2023-01-02","2.01",,"0.00","0.0","0.0","37","47","28","  190","  190","8.1","8.9",,,,,,,
"USW00014740","HARTFORD BRADLEY INTERNATIONAL AIRPORT, CT US","2023-01-03","2.24",,"0.42","0.0","0.0","35","40","29","   20","   30","8.1","8.9","    1",,,,,,
"USW00014740","HARTFORD BRADLEY INTERNATIONAL AIRPORT, CT US","2023-01-04","4.47",,"0.26","0.0","0.0","41","47","39","   10","   10","12.1","14.1","    1",,,,,,"    1"
"USW00014740","HARTFORD BRADLEY INTERNATIONAL AIRPORT, CT US","2023-01-05","8.50",,"0.03","0.0","0.0","44","46","39","   20","   20","14.1","17.0","    1",,,,,,
"USW00014740","HARTFORD BRADLEY INTERNATIONAL AIRPORT, CT US","2023-01-06","3.58",,"0.38","0.0","0.0","38","39","32","   10","   10","8.9","11.0","    1","    1",,,,,
"USW00014740","HARTFORD BRADLEY INTERNATIONAL AIRPORT, CT US","2023-01-07","6.04",,"0.00","0.0","0.0","36","44","30","  330","  330","19.9","25.9","    1","    1",,,,,
"USW00014740","HARTFORD BRADLEY INTERNATIONAL AIRPORT, CT US","2023-01-08","5.37",,"0.00","0.0","0.0","32","40","23","  320","  310","15.0","19.9",,,,,,,
"USW00014740","HARTFORD BRADLEY INTERNATIONAL AIRPORT, CT US","2023-01-09","5.14",,"0.00","0.0","0.0","32","40","24","  320","  320","19.9","23.9",,,,,,,
"USW00014740","HARTFORD BRADLEY INTERNATIONAL AIRPORT, CT US","2023-01-10","9.17",,"0.00","0.0","0.0","37","43","29","  310","  290","23.0","29.1",,,,,,,
"USW00014740","HARTFORD BRADLEY INTERNATIONAL AIRPORT, CT US","2023-01-11","4.92",,"0.00","0.0","0.0","29","35","22","   20","  360","12.1","15.0",,,,,,,
"USW00014740","HARTFORD BRADLEY INTERNATIONAL AIRPORT, CT US","2023-01-12","4.70",,"0.70","0.7","0.0","31","38","30","  330","  340","8.1","10.1","    1",,,"    1",,,
"USW00014740","HARTFORD BRADLEY INTERNATIONAL AIRPORT, CT US","2023-01-13","10.74",,"0.33","0.0","0.0","46","56","37","  180","  180","21.9","30.0","    1",,,,,,
"USW00014740","HARTFORD BRADLEY INTERNATIONAL AIRPORT, CT US","2023-01-14","12.53",,"0.00","0.1","0.0","35","37","28","   10","   10","23.0","31.1","    1",,,,,,"    1"
"USW00014740","HARTFORD BRADLEY INTERNATIONAL AIRPORT, CT US","2023-01-15","17.67",,"0.00","0.3","0.0","33","40","29","   10","   10","25.9","36.9",,,,,,,
"USW00014740","HARTFORD BRADLEY INTERNATIONAL AIRPORT, CT US","2023-01-16","9.40",,"0.02","0.2","0.0","33","39","27","   10","   10","23.0","30.0","    1",,,,,,
"USW00014740","HARTFORD BRADLEY INTERNATIONAL AIRPORT, CT US","2023-01-17","4.92",,"0.00","0.0","0.0","36","47","26","  200","  210","8.9","11.0",,,,,,,"    1"
"USW00014740","HARTFORD BRADLEY INTERNATIONAL AIRPORT, CT US","2023-01-18","8.72",,"0.00","0.0","0.0","42","52","35","  290","  300","28.0","34.0",,,,,,,
"USW00014740","HARTFORD BRADLEY INTERNATIONAL AIRPORT, CT US","2023-01-19","5.37",,"1.09","0.0","0.0","39","42","31","   20","  340","14.1","17.0","    1",,,,,,
"USW00014740","HARTFORD BRADLEY INTERNATIONAL AIRPORT, CT US","2023-01-20","5.59",,"0.04","0.0","0.0","36","39","35","   30","   40","19.9","25.1","    1",,,,,,
"USW00014740","HARTFORD BRADLEY INTERNATIONAL AIRPORT, CT US","2023-01-21","7.83",,"0.00","0.0","0.0","36","38","32","  350","  360","17.0","23.9",,,,,,,
"USW00014740","HARTFORD BRADLEY INTERNATIONAL AIRPORT, CT US","2023-01-22","5.37",,"0.28","0.0","0.0","34","39","32","   10","   10","13.0","16.1","    1",,,"    1",,,
"USW00014740","HARTFORD BRADLEY INTERNATIONAL AIRPORT, CT US","2023-01-23","11.63",,"0.83","0.8","0.0","34","36","32","  320","  310","23.9","32.0","    1",,,"    1",,,
"USW00014740","HARTFORD BRADLEY INTERNATIONAL AIRPORT, CT US","2023-01-24","9.40",,"0.00","0.0","1.2","35","42","32","  300","  300","23.0","30.0",,,,,,,
"USW00014740","HARTFORD BRADLEY INTERNATIONAL AIRPORT, CT US","2023-01-25","4.25",,"0.62","0.2","0.0","34","36","30","  120","  110","10.1","15.0","    1",,,,,,
"USW00014740","HARTFORD BRADLEY INTERNATIONAL AIRPORT, CT US","2023-01-26","10.74",,"0.78","0.0","0.0","40","47","35","  250","  250","29.1","36.0","    1",,,,,,
"USW00014740","HARTFORD BRADLEY INTERNATIONAL AIRPORT, CT US","2023-01-27","4.70",,"0.00","0.0","0.0","35","43","24","  300","  330","15.0","17.0",,,,,,,
"USW00014740","HARTFORD BRADLEY INTERNATIONAL AIRPORT, CT US","2023-01-28","7.38",,"0.00","0.0","0.0","39","51","29","  230","  250","18.1","23.9",,,,,,,
"USW00014740","HARTFORD BRADLEY INTERNATIONAL AIRPORT, CT US","2023-01-29","5.37",,"0.00","0.0","0.0","40","51","29","  210","  220","21.0","25.9",,,,,,,
"USW00014740","HARTFORD BRADLEY INTERNATIONAL AIRPORT, CT US","2023-01-30","2.91",,"0.00","0.0","0.0","41","51","30","  340","  330","13.0","17.0",,,,,,,
"USW00014740","HARTFORD BRADLEY INTERNATIONAL AIRPORT, CT US","2023-01-31","8.50",,"0.00","0.0","0.0","37","39","24","  310","  310","18.1","25.1",,,,,,,
"USW00014740","HARTFORD BRADLEY INTERNATIONAL AIRPORT, CT US","2023-02-01","6.49",,"0.00","0.0","0.0","27","36","20","  310","  310","15.0","18.1",,,,,,,
"USW00014740","HARTFORD BRADLEY INTERNATIONAL AIRPORT, CT US","2023-02-02","7.61",,"0.00","0.0","0.0","27","39","16","  210","  230","18.1","21.9",,,,,,,
"USW00014740","HARTFORD BRADLEY INTERNATIONAL AIRPORT, CT US","2023-02-03","19.91",,"0.00","0.0","0.0","23","32","-5","  300","  300","36.9","50.1",,,,,,,
"USW00014740","HARTFORD BRADLEY INTERNATIONAL AIRPORT, CT US","2023-02-04","9.40",,"0.00","0.0","0.0","1","16","-9","  310","  320","31.1","44.1",,,,,,,
"USW00014740","HARTFORD BRADLEY INTERNATIONAL AIRPORT, CT US","2023-02-05","8.72",,"0.00","0.0","0.0","28","51","13","  200","  200","19.9","23.9",,,,,,,
"USW00014740","HARTFORD BRADLEY INTERNATIONAL AIRPORT, CT US","2023-02-06","8.95",,"0.00","0.0","0.0","38","52","26","   10","   30","25.1","36.0",,,,,,,
"USW00014740","HARTFORD BRADLEY INTERNATIONAL AIRPORT, CT US","2023-02-07","8.05",,"0.04","0.0","0.0","31","39","21","  200","  200","18.1","23.0","    1",,,"    1",,,
"USW00014740","HARTFORD BRADLEY INTERNATIONAL AIRPORT, CT US","2023-02-08","7.61",,"0.00","0.0","0.0","39","50","30","  300","  310","25.1","33.1","    1",,,,,,"    1"
"USW00014740","HARTFORD BRADLEY INTERNATIONAL AIRPORT, CT US","2023-02-09","1.12",,"0.01","0.0","0.0","35","41","27","  190","  200","8.9","11.0",,,,,,,
"USW00014740","HARTFORD BRADLEY INTERNATIONAL AIRPORT, CT US","2023-02-10","10.07",,"0.00","0.0","0.0","45","62","32","  300","  310","25.9","33.1","    1",,,,,,
"USW00014740","HARTFORD BRADLEY INTERNATIONAL AIRPORT, CT US","2023-02-11","10.51",,"0.00","0.0","0.0","40","44","27","  330","  320","25.9","36.9",,,,,,,
"USW00014740","HARTFORD BRADLEY INTERNATIONAL AIRPORT, CT US","2023-02-12","3.58",,"0.00","0.0","0.0","35","48","25","  190","  180","10.1","13.0",,,,,,,
"USW00014740","HARTFORD BRADLEY INTERNATIONAL AIRPORT, CT US","2023-02-13","7.61",,"0.00","0.0","0.0","39","50","32","   10","   10","19.9","23.9",,,,,,,
"USW00014740","HARTFORD BRADLEY INTERNATIONAL AIRPORT, CT US","2023-02-14","9.62",,"0.00","0.0","0.0","45","53","31","  320","  320","21.0","31.1",,,,,,,
"USW00014740","HARTFORD BRADLEY INTERNATIONAL AIRPORT, CT US","2023-02-15","9.84",,"0.00","0.0","0.0","43","62","28","  190","  180","25.9","38.0",,,,,,,
"USW00014740","HARTFORD BRADLEY INTERNATIONAL AIRPORT, CT US","2023-02-16","3.58",,"0.03","0.0","0.0","51","61","35","  170","  170","12.1","13.0",,,,,,,
"USW00014740","HARTFORD BRADLEY INTERNATIONAL AIRPORT, CT US","2023-02-17","12.08",,"0.19","0.0","0.0","49","57","29","  320","  320","29.1","36.9","    1",,,,,,
"USW00014740","HARTFORD BRADLEY INTERNATIONAL AIRPORT, CT US","2023-02-18","9.62",,"0.00","0.0","0.0","31","42","23","  340","  340","21.9","30.0",,,,,,,
"USW00014740","HARTFORD BRADLEY INTERNATIONAL AIRPORT, CT US","2023-02-19","7.16",,"0.00","0.0","0.0","37","48","27","  200","  190","23.9","27.1",,,,,,,
"USW00014740","HARTFORD BRADLEY INTERNATIONAL AIRPORT, CT US","2023-02-20","8.72",,"0.00","0.0","0.0","48","63","39","  280","  290","21.9","27.1",,,,,,,
"USW00014740","HARTFORD BRADLEY INTERNATIONAL AIRPORT, CT US","2023-02-21","3.80",,"0.20","0.5","1.2","39","43","33","  330","  300","14.1","17.0","    1",,,,,,
"USW00014740","HARTFORD BRADLEY INTERNATIONAL AIRPORT, CT US","2023-02-22","4.92",,"0.10","0.0","0.0","36","41","25","  290","  280","14.1","17.0","    1",,,"    1",,,
"USW00014740","HARTFORD BRADLEY INTERNATIONAL AIRPORT, CT US","2023-02-23","8.50",,"0.49","0.0","0.0","33","34","30","   20","  350","17.0","21.0","    1",,,"    1",,"    1",
"USW00014740","HARTFORD BRADLEY INTERNATIONAL AIRPORT, CT US","2023-02-24","14.76",,"0.01","0.0","0.0","31","36","20","  330","  290","38.0","51.0","    1",,,,,"    1",
"USW00014740","HARTFORD BRADLEY INTERNATIONAL AIRPORT, CT US","2023-02-25","4.70",,"0.04","0.5","0.0","20","22","14","  320","  310","15.0","18.1","    1",,,,,,"    1"
"USW00014740","HARTFORD BRADLEY INTERNATIONAL AIRPORT, CT US","2023-02-26","5.37",,"0.00","0.0","1.2","24","39","9","  250","  340","19.9","25.9","    1",,,,,"    1",
"USW00014740","HARTFORD BRADLEY INTERNATIONAL AIRPORT, CT US","2023-02-27","7.16",,"0.23","1.5","1.2","34","40","27","  160","  160","19.9","25.1","    1",,,"    1",,,
"USW00014740","HARTFORD BRADLEY INTERNATIONAL AIRPORT, CT US","2023-02-28","6.71",,"0.49","4.4","5.1","31","34","26","   50","   50","15.0","19.0","    1",,,,,,
"USW00014740","HARTFORD BRADLEY INTERNATIONAL AIRPORT, CT US","2023-03-01","4.25",,"0.00","0.0","5.1","33","42","23","  170","  170","13.0","16.1","    1",,,,"    1",,
"USW00014740","HARTFORD BRADLEY INTERNATIONAL AIRPORT, CT US","2023-03-02","9.17",,"0.24","0.0","3.1","37","48","34","  310","  320","25.1","34.0","    1",,,,,,
"USW00014740","HARTFORD BRADLEY INTERNATIONAL AIRPORT, CT US","2023-03-03","6.71",,"0.33","1.7","1.2","39","45","29","  180","  180","19.9","23.0","    1",,,"    1",,,
"USW00014740","HARTFORD BRADLEY INTERNATIONAL AIRPORT, CT US","2023-03-04","11.18",,"0.64","1.6","3.1","35","39","33","  360","   10","19.9","27.1","    1",,,"    1",,,
"USW00014740","HARTFORD BRADLEY INTERNATIONAL AIRPORT, CT US","2023-03-05","7.61",,"0.00","0.0","2.0","38","45","34","  310","  320","23.0","32.0",,,,,,,
"USW00014740","HARTFORD BRADLEY INTERNATIONAL AIRPORT, CT US","2023-03-06","12.53",,"0.00","0.0","1.2","42","51","36","  300","  310","29.1","36.0",,,,,,,
"USW00014740","HARTFORD BRADLEY INTERNATIONAL AIRPORT, CT US","2023-03-07","12.08",,"0.00","0.0","0.0","38","44","29","  310","  360","25.1","40.0",,,,,,,
"USW00014740","HARTFORD BRADLEY INTERNATIONAL AIRPORT, CT US","2023-03-08","12.08",,"0.00","0.0","0.0","35","48","28","  360","   20","23.9","33.1",,,,,,,
"USW00014740","HARTFORD BRADLEY INTERNATIONAL AIRPORT, CT US","2023-03-09","9.84",,"0.00","0.0","0.0","40","51","31","   30","   40","21.9","27.1",,,,,,,
"USW00014740","HARTFORD BRADLEY INTERNATIONAL AIRPORT, CT US","2023-03-10","4.47",,"0.05","0.0","0.0","37","50","24","  180","  180","13.0","17.0",,,,,,,
"USW00014740","HARTFORD BRADLEY INTERNATIONAL AIRPORT, CT US","2023-03-11","10.07",,"0.25","0.0","0.0","39","42","33","   30","   20","21.9","29.1","    1",,,"    1",,,
"USW00014740","HARTFORD BRADLEY INTERNATIONAL AIRPORT, CT US","2023-03-12","6.49",,"0.00","0.0","0.0","38","51","26","  190","  200","17.0","21.9",,,,,,,
"USW00014740","HARTFORD BRADLEY INTERNATIONAL AIRPORT, CT US","2023-03-13","8.05",,"0.62","0.0","0.0","40","45","35","   10","   10","16.1","21.9","    1",,,,,,
"USW00014740","HARTFORD BRADLEY INTERNATIONAL AIRPORT, CT US","2023-03-14","14.99",,"1.43","4.5","3.9","35","36","33","  310","  310","23.0","32.0","    1",,,,,,
"USW00014740","HARTFORD BRADLEY INTERNATIONAL AIRPORT, CT US","2023-03-15","17.22",,"0.00","0.0","3.1","36","40","33","  320","  320","29.1","44.1",,,,,,,
"USW00014740","HARTFORD BRADLEY INTERNATIONAL AIRPORT, CT US","2023-03-16","6.26",,"0.00","0.0","2.0","39","53","29","  300","  320","17.0","23.9",,,,,,,
"USW00014740","HARTFORD BRADLEY INTERNATIONAL AIRPORT, CT US","2023-03-17","5.82",,"0.00","0.0","0.0","43","58","30","  170","  170","17.0","21.0",,,,,,,
"USW00014740","HARTFORD BRADLEY INTERNATIONAL AIRPORT, CT US","2023-03-18","9.62",,"0.00","0.0","0.0","46","50","34","  310","  340","21.9","29.1",,,,,,,
"USW00014740","HARTFORD BRADLEY INTERNATIONAL AIRPORT, CT US","2023-03-19","14.09",,"0.00","0.1","0.0","34","40","27","  290","  280","28.0","34.0","    1",,,,,,
"USW00014740","HARTFORD BRADLEY INTERNATIONAL AIRPORT, CT US","2023-03-20","8.28",,"0.00","0.0","0.0","37","54","22","  250","  250","21.0","25.9",,,,,,,
"USW00014740","HARTFORD BRADLEY INTERNATIONAL AIRPORT, CT US","2023-03-21","5.82",,"0.00","0.0","0.0","44","62","24","  270","  250","23.0","31.1",,,,,,,
"USW00014740","HARTFORD BRADLEY INTERNATIONAL AIRPORT, CT US","2023-03-22","7.38",,"0.00","0.0","0.0","47","65","30","  190","  190","23.9","32.0",,,,,,,
"USW00014740","HARTFORD BRADLEY INTERNATIONAL AIRPORT, CT US","2023-03-23","9.17",,"0.05","0.0","0.0","52","57","48","  310","  310","19.9","23.0","    1",,,,,,
"USW00014740","HARTFORD BRADLEY INTERNATIONAL AIRPORT, CT US","2023-03-24","8.72",,"0.00","0.0","0.0","47","55","36","  320","  310","18.1","23.9",,,,,,,
"USW00014740","HARTFORD BRADLEY INTERNATIONAL AIRPORT, CT US","2023-03-25","6.93",,"0.22","0.0","0.0","38","42","30","  120","  120","18.1","21.9","    1",,,"    1",,,"    1"
"USW00014740","HARTFORD BRADLEY INTERNATIONAL AIRPORT, CT US","2023-03-26","7.61",,"0.00","0.0","0.0","46","61","38","  260","  260","21.9","28.0","    1","    1",,,,,"    1"
"USW00014740","HARTFORD BRADLEY INTERNATIONAL AIRPORT, CT US","2023-03-27","4.25",,"0.26","0.0","0.0","48","61","30","  160","  300","17.0","23.0","    1",,,,,,
"USW00014740","HARTFORD BRADLEY INTERNATIONAL AIRPORT, CT US","2023-03-28","8.50",,"0.03","0.0","0.0","43","51","36","  320","  360","15.0","19.0","    1",,,,,,
"USW00014740","HARTFORD BRADLEY INTERNATIONAL AIRPORT, CT US","2023-03-29","6.93",,"0.00","0.0","0.0","42","57","28","  320","  320","30.0","35.1","    1",,,,,,
"USW00014740","HARTFORD BRADLEY INTERNATIONAL AIRPORT, CT US","2023-03-30","12.75",,"0.00","0.0","0.0","37","42","28","  290","  290","25.9","34.0",,,,,,,
"USW00014740","HARTFORD BRADLEY INTERNATIONAL AIRPORT, CT US","2023-03-31","7.61",,"0.03","0.0","0.0","36","51","24","  180","  180","21.9","28.0",,,,,,,
"USW00014740","HARTFORD BRADLEY INTERNATIONAL AIRPORT, CT US","2023-04-01","7.38",,"0.32","0.0","0.0","47","68","40","  250","  250","25.1","30.0","    1",,"    1",,,,
"USW00014740","HARTFORD BRADLEY INTERNATIONAL AIRPORT, CT US","2023-04-02","13.65",,"0.00","0.0","0.0","47","52","33","  310","  310","31.1","40.0",,,,,,,
"USW00014740","HARTFORD BRADLEY INTERNATIONAL AIRPORT, CT US","2023-04-03","9.62",,"0.00","0.0","0.0","41","58","23","  180","  210","25.9","36.0",,,,,,,
"USW00014740","HARTFORD BRADLEY INTERNATIONAL AIRPORT, CT US","2023-04-04","5.59",,"0.00","0.0","0.0","54","73","42","  360","   10","18.1","21.9",,,,,,,
"USW00014740","HARTFORD BRADLEY INTERNATIONAL AIRPORT, CT US","2023-04-05","8.95",,"0.00","0.0","0.0","53","54","40","  120","  110","16.1","19.0","    1",,,,,,
"USW00014740","HARTFORD BRADLEY INTERNATIONAL AIRPORT, CT US","2023-04-06","5.37",,"0.00","0.0","0.0","48","69","39","  330","  330","21.9","29.1","    1",,,,,,"    1"
"USW00014740","HARTFORD BRADLEY INTERNATIONAL AIRPORT, CT US","2023-04-07","12.75",,"0.00","0.0","0.0","52","59","39","  270","  270","30.0","36.9",,,,,,,
"USW00014740","HARTFORD BRADLEY INTERNATIONAL AIRPORT, CT US","2023-04-08","5.37",,"0.00","0.0","0.0","42","54","30","  340","  310","16.1","21.9",,,,,,,"    1"
"USW00014740","HARTFORD BRADLEY INTERNATIONAL AIRPORT, CT US","2023-04-09","5.82",,"0.00","0.0","0.0","43","56","29","  190","  190","16.1","21.0",,,,,,,
"USW00014740","HARTFORD BRADLEY INTERNATIONAL AIRPORT, CT US","2023-04-10","4.70",,"0.00","0.0","0.0","49","68","29","  280","  270","13.0","15.0",,,,,,,"    1"
"USW00014740","HARTFORD BRADLEY INTERNATIONAL AIRPORT, CT US","2023-04-11","8.50",,"0.00","0.0","0.0","56","78","35","  250","  250","25.1","36.0",,,,,,,
"USW00014740","HARTFORD BRADLEY INTERNATIONAL AIRPORT, CT US","2023-04-12","12.53",,"0.00","0.0","0.0","70","81","58","  290","  320","25.9","36.0",,,,,,,
"USW00014740","HARTFORD BRADLEY INTERNATIONAL AIRPORT, CT US","2023-04-13","6.49",,"0.00","0.0","0.0","72","92","51","  260","  260","19.9","27.1",,,,,,,
"USW00014740","HARTFORD BRADLEY INTERNATIONAL AIRPORT, CT US","2023-04-14","6.49",,"0.00","0.0","0.0","75","96","56","  190","  180","18.1","23.9",,,,,,,
"USW00014740","HARTFORD BRADLEY INTERNATIONAL AIRPORT, CT US","2023-04-15","6.04",,"0.10","0.0","0.0","67","76","53","  220","  220","18.1","21.9","    1",,"    1",,,,
"USW00014740","HARTFORD BRADLEY INTERNATIONAL AIRPORT, CT US","2023-04-16","6.04",,"0.04","0.0","0.0","65","71","59","  140","  150","15.0","16.1","    1",,,,,,
"USW00014740","HARTFORD BRADLEY INTERNATIONAL AIRPORT, CT US","2023-04-17","6.26",,"0.06","0.0","0.0","59","62","54","  270","  280","13.0","15.0","    1",,,,,,
"USW00014740","HARTFORD BRADLEY INTERNATIONAL AIRPORT, CT US","2023-04-18","12.75",,"0.00","0.0","0.0","53","56","47","  260","  270","25.9","30.0",,,,,,,
"USW00014740","HARTFORD BRADLEY INTERNATIONAL AIRPORT, CT US","2023-04-19","9.84",,"0.00","0.0","0.0","47","54","36","  290","  290","21.0","27.1",,,,,,,
"USW00014740","HARTFORD BRADLEY INTERNATIONAL AIRPORT, CT US","2023-04-20","6.04",,"0.00","0.0","0.0","50","70","39","  260","  250","15.0","19.9",,,,,,,
"USW00014740","HARTFORD BRADLEY INTERNATIONAL AIRPORT, CT US","2023-04-21","7.61",,"0.00","0.0","0.0","59","74","48","  170","  180","18.1","23.9",,,,,,,
"USW00014740","HARTFORD BRADLEY INTERNATIONAL AIRPORT, CT US","2023-04-22","8.05",,"0.18","0.0","0.0","54","63","48","  120","  110","16.1","21.9","    1",,"    1",,,,
"USW00014740","HARTFORD BRADLEY INTERNATIONAL AIRPORT, CT US","2023-04-23","6.71",,"3.13","0.0","0.0","53","56","45","  360","  360","16.1","21.0","    1",,"    1",,,,
"USW00014740","HARTFORD BRADLEY INTERNATIONAL AIRPORT, CT US","2023-04-24","5.59",,"0.00","0.0","0.0","50","60","41","  270","  290","15.0","19.0","    1",,,,,,
"USW00014740","HARTFORD BRADLEY INTERNATIONAL AIRPORT, CT US","2023-04-25","4.92",,"0.00","0.0","0.0","49","62","36","  300","  300","16.1","19.9",,,,,,,
"USW00014740","HARTFORD BRADLEY INTERNATIONAL AIRPORT, CT US","2023-04-26","6.26",,"0.00","0.0","0.0","49","62","34","  240","  220","21.0","23.9",,,,,,,
"USW00014740","HARTFORD BRADLEY INTERNATIONAL AIRPORT, CT US","2023-04-27","6.71",,"0.18","0.0","0.0","51","60","45","  190","  180","15.0","19.0","    1",,,,,,
"USW00014740","HARTFORD BRADLEY INTERNATIONAL AIRPORT, CT US","2023-04-28","6.49",,"0.00","0.0","0.0","51","64","39","  190","  180","17.0","21.9","    1","    1",,,,,"    1"
"USW00014740","HARTFORD BRADLEY INTERNATIONAL AIRPORT, CT US","2023-04-29","8.50",,"0.45","0.0","0.0","52","58","46","  120","  100","18.1","23.0","    1",,,,,,"    1"
"USW00014740","HARTFORD BRADLEY INTERNATIONAL AIRPORT, CT US","2023-04-30","11.41",,"1.54","0.0","0.0","50","56","48","   20","   20","18.1","23.9","    1",,,,,,
"USW00014740","HARTFORD BRADLEY INTERNATIONAL AIRPORT, CT US","2023-05-01","10.51",,"0.16","0.0","0.0","55","63","43","  170","  170","25.1","32.0","    1",,,,,,
"USW00014740","HARTFORD BRADLEY INTERNATIONAL AIRPORT, CT US","2023-05-02","6.49",,"0.24","0.0","0.0","49","56","39","  210","  210","19.9","23.9","    1",,,,,,
"USW00014740","HARTFORD BRADLEY INTERNATIONAL AIRPORT, CT US","2023-05-03","4.92",,"0.22","0.0","0.0","50","60","39","   40","   40","14.1","17.0","    1",,,,,,
"USW00014740","HARTFORD BRADLEY INTERNATIONAL AIRPORT, CT US","2023-05-04","8.05",,"0.05","0.0","0.0","50","59","45","   50","   50","16.1","19.0","    1",,,,,,
"USW00014740","HARTFORD BRADLEY INTERNATIONAL AIRPORT, CT US","2023-05-05","5.59",,"0.00","0.0","0.0","53","63","46","  320","  320","16.1","21.0",,,,,,,
"USW00014740","HARTFORD BRADLEY INTERNATIONAL AIRPORT, CT US","2023-05-06","5.82",,"0.00","0.0","0.0","58","75","40","  290","  290","18.1","25.1","    1",,,,,,
"USW00014740","HARTFORD BRADLEY INTERNATIONAL AIRPORT, CT US","2023-05-07","5.37",,"0.10","0.0","0.0","64","79","44","  270","  290","16.1","25.9",,,,,,,
"USW00014740","HARTFORD BRADLEY INTERNATIONAL AIRPORT, CT US","2023-05-08","8.28",,"0.00","0.0","0.0","65","76","54","  300","  330","21.9","29.1",,,,,,,
"USW00014740","HARTFORD BRADLEY INTERNATIONAL AIRPORT, CT US","2023-05-09","5.82",,"0.00","0.0","0.0","59","68","44","  170","  170","16.1","18.1",,,,,,,
"USW00014740","HARTFORD BRADLEY INTERNATIONAL AIRPORT, CT US","2023-05-10","4.47",,"0.00","0.0","0.0","57","74","37","  260","   10","17.0","23.9",,,,,,,
"USW00014740","HARTFORD BRADLEY INTERNATIONAL AIRPORT, CT US","2023-05-11","5.82",,"0.00","0.0","0.0","64","82","44","  310","  320","18.1","25.9",,,,,,,"    1"
"USW00014740","HARTFORD BRADLEY INTERNATIONAL AIRPORT, CT US","2023-05-12","6.26",,"0.00","0.0","0.0","70","88","50","  290","  270","21.9","31.1",,,,,,,
"USW00014740","HARTFORD BRADLEY INTERNATIONAL AIRPORT, CT US","2023-05-13","9.17",,"0.00","0.0","0.0","73","83","60","  330","  320","21.9","28.0",,,,,,,
"USW00014740","HARTFORD BRADLEY INTERNATIONAL AIRPORT, CT US","2023-05-14","8.28",,"0.00","0.0","0.0","62","69","46","  320","  360","19.9","28.0",,,,,,,
"USW00014740","HARTFORD BRADLEY INTERNATIONAL AIRPORT, CT US","2023-05-15","6.26",,"0.00","0.0","0.0","59","76","41","  260","  250","21.0","25.9",,,,,,,
"USW00014740","HARTFORD BRADLEY INTERNATIONAL AIRPORT, CT US","2023-05-16","9.62",,"0.00","0.0","0.0","66","82","51","  240","  230","23.9","33.1",,,,,,,
"USW00014740","HARTFORD BRADLEY INTERNATIONAL AIRPORT, CT US","2023-05-17","12.75",,"0.00","0.0","0.0","59","65","38","  340","  360","25.9","35.1",,,,,,,
"USW00014740","HARTFORD BRADLEY INTERNATIONAL AIRPORT, CT US","2023-05-18","6.93",,"0.00","0.0","0.0","49","67","31","  190","  180","21.0","27.1",,,,,,,"    1"
"USW00014740","HARTFORD BRADLEY INTERNATIONAL AIRPORT, CT US","2023-05-19","9.62",,"0.00","0.0","0.0","56","72","39","  200","  190","21.9","28.0",,,,,,,
"USW00014740","HARTFORD BRADLEY INTERNATIONAL AIRPORT, CT US","2023-05-20","4.70",,"2.12","0.0","0.0","57","66","47","  160","  160","16.1","19.9","    1",,,,,,
"USW00014740","HARTFORD BRADLEY INTERNATIONAL AIRPORT, CT US","2023-05-21","9.17",,"0.00","0.0","0.0","64","72","54","  290","  300","21.9","30.0","    1","    1",,,,,
"USW00014740","HARTFORD BRADLEY INTERNATIONAL AIRPORT, CT US","2023-05-22","6.71",,"0.00","0.0","0.0","63","76","49","  200","  190","15.0","19.0",,,,,,,
"USW00014740","HARTFORD BRADLEY INTERNATIONAL AIRPORT, CT US","2023-05-23","5.59",,"0.00","0.0","0.0","61","74","48","  170","  200","17.0","21.9",,,,,,,
"USW00014740","HARTFORD BRADLEY INTERNATIONAL AIRPORT, CT US","2023-05-24","8.28",,"0.11","0.0","0.0","61","79","48","  330","  340","21.9","31.1","    1",,,,,,
"USW00014740","HARTFORD BRADLEY INTERNATIONAL AIRPORT, CT US","2023-05-25","10.07",,"0.00","0.0","0.0","57","70","44","   20","   20","21.9","29.1",,,,,,,
"USW00014740","HARTFORD BRADLEY INTERNATIONAL AIRPORT, CT US","2023-05-26","4.25",,"0.00","0.0","0.0","58","75","39","   30","   30","17.0","21.9",,,,,,,
"USW00014740","HARTFORD BRADLEY INTERNATIONAL AIRPORT, CT US","2023-05-27","4.25",,"0.00","0.0","0.0","63","81","44","  180","  170","17.0","19.0",,,,,,,
"USW00014740","HARTFORD BRADLEY INTERNATIONAL AIRPORT, CT US","2023-05-28","8.50",,"0.00","0.0","0.0","69","87","50","  180","  180","18.1","21.9",,,,,,,
"USW00014740","HARTFORD BRADLEY INTERNATIONAL AIRPORT, CT US","2023-05-29","7.61",,"0.00","0.0","0.0","69","80","51","   40","   30","17.0","21.9",,,,,,,
"USW00014740","HARTFORD BRADLEY INTERNATIONAL AIRPORT, CT US","2023-05-30","5.82",,"0.00","0.0","0.0","61","76","43","  180","  180","14.1","18.1",,,,,,,
"USW00014740","HARTFORD BRADLEY INTERNATIONAL AIRPORT, CT US","2023-05-31","5.37",,"0.00","0.0","0.0","63","82","44","  200","  170","14.1","17.0","    1",,,,,,
"USW00014740","HARTFORD BRADLEY INTERNATIONAL AIRPORT, CT US","2023-06-01","4.47",,"0.00","0.0","0.0","71","91","52","  200","  200","15.0","18.1","    1",,,,,,
"USW00014740","HARTFORD BRADLEY INTERNATIONAL AIRPORT, CT US","2023-06-02","5.82",,"0.09","0.0","0.0","76","94","59","   20","   40","17.0","21.0","    1",,"    1",,,,
"USW00014740","HARTFORD BRADLEY INTERNATIONAL AIRPORT, CT US","2023-06-03","12.30",,"0.00","0.0","0.0","62","68","50","   30","   50","21.0","25.9",,,,,,,
"USW00014740","HARTFORD BRADLEY INTERNATIONAL AIRPORT, CT US","2023-06-04","8.28",,"0.00","0.0","0.0","54","62","47","   40","   40","23.0","29.1",,,,,,,
"USW00014740","HARTFORD BRADLEY INTERNATIONAL AIRPORT, CT US","2023-06-05","6.93",,"0.00","0.0","0.0","59","71","50","   30","   40","21.0","25.9",,,,,,,
"USW00014740","HARTFORD BRADLEY INTERNATIONAL AIRPORT, CT US","2023-06-06","7.83",,"0.00","0.0","0.0","63","75","50","  320","  330","25.9","33.1",,,"    1",,,,"    1"
"USW00014740","HARTFORD BRADLEY INTERNATIONAL AIRPORT, CT US","2023-06-07","7.38",,"0.00","0.0","0.0","60","71","50","  310","  280","17.0","25.1",,,,,,,"    1"
"USW00014740","HARTFORD BRADLEY INTERNATIONAL AIRPORT, CT US","2023-06-08","4.03",,"0.00","0.0","0.0","59","66","50","   40","   30","12.1","13.0","    1",,,,,,"    1"
"USW00014740","HARTFORD BRADLEY INTERNATIONAL AIRPORT, CT US","2023-06-09","4.03",,"0.08","0.0","0.0","58","70","46","  320","  310","14.1","16.1","    1",,,,,,"    1"
"USW00014740","HARTFORD BRADLEY INTERNATIONAL AIRPORT, CT US","2023-06-10","4.25",,"0.02","0.0","0.0","62","75","48","  300","  300","14.1","16.1","    1",,,,,,
"USW00014740","HARTFORD BRADLEY INTERNATIONAL AIRPORT, CT US","2023-06-11","6.26",,"0.00","0.0","0.0","67","85","49","  170","  170","16.1","19.9",,,,,,,
"USW00014740","HARTFORD BRADLEY INTERNATIONAL AIRPORT, CT US","2023-06-12","8.50",,"0.04","0.0","0.0","71","82","61","  160","  160","21.0","25.9","    1",,,,,,"    1"
"USW00014740","HARTFORD BRADLEY INTERNATIONAL AIRPORT, CT US","2023-06-13","7.16",,"0.02","0.0","0.0","71","81","58","  270","  300","16.1","21.0","    1",,,,,,
"USW00014740","HARTFORD BRADLEY INTERNATIONAL AIRPORT, CT US","2023-06-14","7.61",,"0.24","0.0","0.0","66","82","53","  250","  250","38.0","44.1","    1",,"    1",,,,
"USW00014740","HARTFORD BRADLEY INTERNATIONAL AIRPORT, CT US","2023-06-15","7.61",,"0.00","0.0","0.0","67","81","58","  310","  300","16.1","23.9",,,,,,,
"USW00014740","HARTFORD BRADLEY INTERNATIONAL AIRPORT, CT US","2023-06-16","3.80",,"0.02","0.0","0.0","70","80","56","  210","  240","14.1","19.9",,,,,,,
"USW00014740","HARTFORD BRADLEY INTERNATIONAL AIRPORT, CT US","2023-06-17","7.83",,"0.03","0.0","0.0","66","72","60","  310","  300","21.0","25.9","    1",,,,,,
"USW00014740","HARTFORD BRADLEY INTERNATIONAL AIRPORT, CT US","2023-06-18","8.05",,"0.00","0.0","0.0","68","80","59","  340","  330","18.1","25.9",,,,,,,
"USW00014740","HARTFORD BRADLEY INTERNATIONAL AIRPORT, CT US","2023-06-19","6.49",,"0.00","0.0","0.0","68","81","55","  160","  160","17.0","21.0",,,,,,,
"USW00014740","HARTFORD BRADLEY INTERNATIONAL AIRPORT, CT US","2023-06-20","5.82",,"0.00","0.0","0.0","68","78","59","  170","  160","17.0","23.9",,,,,,,
"USW00014740","HARTFORD BRADLEY INTERNATIONAL AIRPORT, CT US","2023-06-21","6.49",,"0.00","0.0","0.0","66","77","55","  100","   90","15.0","19.0",,,,,,,
"USW00014740","HARTFORD BRADLEY INTERNATIONAL AIRPORT, CT US","2023-06-22","6.04",,"0.00","0.0","0.0","66","79","53","  100","   30","14.1","17.0",,,,,,,
"USW00014740","HARTFORD BRADLEY INTERNATIONAL AIRPORT, CT US","2023-06-23","6.93",,"0.02","0.0","0.0","71","82","64","  170","  200","16.1","19.9",,,,,,,"    1"
"USW00014740","HARTFORD BRADLEY INTERNATIONAL AIRPORT, CT US","2023-06-24","7.83",,"0.52","0.0","0.0","72","81","69","  180","  200","14.1","19.0","    1",,,,,,
"USW00014740","HARTFORD BRADLEY INTERNATIONAL AIRPORT, CT US","2023-06-25","6.04",,"0.00","0.0","0.0","76","88","70","  200","  200","15.0","19.0","    1",,"    1",,,,
"USW00014740","HARTFORD BRADLEY INTERNATIONAL AIRPORT, CT US","2023-06-26","9.17",,"0.01","0.0","0.0","77","85","70","  150","  140","19.9","23.9",,,"    1",,,,
"USW00014740","HARTFORD BRADLEY INTERNATIONAL AIRPORT, CT US","2023-06-27","9.17",,"0.09","0.0","0.0","75","81","68","  170","  170","21.0","27.1","    1",,"    1",,,,
"USW00014740","HARTFORD BRADLEY INTERNATIONAL AIRPORT, CT US","2023-06-28","4.92",,"0.09","0.0","0.0","73","84","67","  280","  270","21.0","25.9","    1",,"    1",,,,
"USW00014740","HARTFORD BRADLEY INTERNATIONAL AIRPORT, CT US","2023-06-29","3.36",,"0.00","0.0","0.0","71","80","63","  260","  270","12.1","13.0",,,,,,,
"USW00014740","HARTFORD BRADLEY INTERNATIONAL AIRPORT, CT US","2023-06-30","5.37",,"0.00","0.0","0.0","72","86","60","  160","  170","14.1","18.1","    1","    1",,,,,"    1"
"USW00014740","HARTFORD BRADLEY INTERNATIONAL AIRPORT, CT US","2023-07-01","6.93",,"0.00","0.0","0.0","74","87","62","  190","  200","16.1","19.0","    1",,,,,,"    1"
"USW00014740","HARTFORD BRADLEY INTERNATIONAL AIRPORT, CT US","2023-07-02","4.25",,"3.30","0.0","0.0","71","81","63","  190","  190","15.0","18.1","    1","    1","    1",,,,"    1"
"USW00014740","HARTFORD BRADLEY INTERNATIONAL AIRPORT, CT US","2023-07-03","6.04",,"1.45","0.0","0.0","77","86","71","  170","  160","15.0","18.1","    1",,"    1",,,,
"USW00014740","HARTFORD BRADLEY INTERNATIONAL AIRPORT, CT US","2023-07-04","2.91",,"0.55","0.0","0.0","74","79","71","  350","  350","12.1","13.0","    1",,"    1",,,,
"USW00014740","HARTFORD BRADLEY INTERNATIONAL AIRPORT, CT US","2023-07-05","3.13",,"0.00","0.0","0.0","79","91","69","   10","   10","10.1","14.1","    1","    1",,,,,
"USW00014740","HARTFORD BRADLEY INTERNATIONAL AIRPORT, CT US","2023-07-06","6.49",,"0.00","0.0","0.0","82","93","70","  190","  190","17.0","21.9","    1",,,,,,"    1"
"USW00014740","HARTFORD BRADLEY INTERNATIONAL AIRPORT, CT US","2023-07-07","8.05",,"0.00","0.0","0.0","79","90","71","  200","  180","16.1","21.0",,,,,,,
"USW00014740","HARTFORD BRADLEY INTERNATIONAL AIRPORT, CT US","2023-07-08","5.14",,"0.06","0.0","0.0","80","90","74","  350","  330","14.1","19.9",,,"    1",,,,
"USW00014740","HARTFORD BRADLEY INTERNATIONAL AIRPORT, CT US","2023-07-09","6.71",,"0.00","0.0","0.0","77","84","73","  150","  140","15.0","17.0","    1",,,,,,
"USW00014740","HARTFORD BRADLEY INTERNATIONAL AIRPORT, CT US","2023-07-10","8.50",,"0.66","0.0","0.0","75","83","67","  320","  320","18.1","23.9","    1",,,,,,
"USW00014740","HARTFORD BRADLEY INTERNATIONAL AIRPORT, CT US","2023-07-11","6.71",,"0.00","0.0","0.0","77","89","67","  280","  300","15.0","21.0",,,,,,,
"USW00014740","HARTFORD BRADLEY INTERNATIONAL AIRPORT, CT US","2023-07-12","5.14",,"0.00","0.0","0.0","80","91","67","  220","  250","15.0","19.0",,,,,,,
"USW00014740","HARTFORD BRADLEY INTERNATIONAL AIRPORT, CT US","2023-07-13","9.17",,"0.89","0.0","0.0","78","90","67","  300","  200","23.9","29.1","    1","    1","    1",,,,
"USW00014740","HARTFORD BRADLEY INTERNATIONAL AIRPORT, CT US","2023-07-14","6.93",,"1.06","0.0","0.0","73","83","67","  280","  250","19.9","23.9","    1",,"    1",,,,
"USW00014740","HARTFORD BRADLEY INTERNATIONAL AIRPORT, CT US","2023-07-15","6.93",,"0.01","0.0","0.0","79","89","74","  170","  170","17.0","21.9","    1",,,,,,
"USW00014740","HARTFORD BRADLEY INTERNATIONAL AIRPORT, CT US","2023-07-16","8.72",,"1.53","0.0","0.0","77","78","74","  220","  220","23.9","32.0","    1",,"    1",,,,
"USW00014740","HARTFORD BRADLEY INTERNATIONAL AIRPORT, CT US","2023-07-17","5.82",,"0.00","0.0","0.0","79","88","72","  180","  220","13.0","17.0",,,,,,,"    1"
"USW00014740","HARTFORD BRADLEY INTERNATIONAL AIRPORT, CT US","2023-07-18","7.83",,"0.46","0.0","0.0","77","87","71","  300","  290","25.1","30.0","    1",,"    1",,,,"    1"
"USW00014740","HARTFORD BRADLEY INTERNATIONAL AIRPORT, CT US","2023-07-19","3.13",,"0.00","0.0","0.0","75","87","67","  210","  250","13.0","16.1","    1",,,,,,
"USW00014740","HARTFORD BRADLEY INTERNATIONAL AIRPORT, CT US","2023-07-20","5.59",,"0.00","0.0","0.0","75","87","63","  170","  170","14.1","17.0",,,,,,,
"USW00014740","HARTFORD BRADLEY INTERNATIONAL AIRPORT, CT US","2023-07-21","6.71",,"1.42","0.0","0.0","73","80","66","  150","  160","17.0","21.9","    1",,"    1",,,,"    1"
"USW00014740","HARTFORD BRADLEY INTERNATIONAL AIRPORT, CT US","2023-07-22","5.59",,"0.00","0.0","0.0","72","83","62","  300","  290","15.0","18.1","    1",,,,,,
"USW00014740","HARTFORD BRADLEY INTERNATIONAL AIRPORT, CT US","2023-07-23","4.47",,"0.00","0.0","0.0","74","87","60","   20","  360","8.9","14.1",,,,,,,
"USW00014740","HARTFORD BRADLEY INTERNATIONAL AIRPORT, CT US","2023-07-24","6.04",,"0.00","0.0","0.0","76","87","64","  210","  200","17.0","21.9",,,,,,,
"USW00014740","HARTFORD BRADLEY INTERNATIONAL AIRPORT, CT US","2023-07-25","5.59",,"1.04","0.0","0.0","75","89","67","  350","  350","25.9","35.1","    1",,"    1",,,,
"USW00014740","HARTFORD BRADLEY INTERNATIONAL AIRPORT, CT US","2023-07-26","6.26",,"0.00","0.0","0.0","74","89","63","  240","  220","16.1","18.1","    1",,,,,,"    1"
"USW00014740","HARTFORD BRADLEY INTERNATIONAL AIRPORT, CT US","2023-07-27","8.72",,"0.53","0.0","0.0","79","92","71","  290","  290","33.1","44.1","    1",,"    1",,,,
"USW00014740","HARTFORD BRADLEY INTERNATIONAL AIRPORT, CT US","2023-07-28","5.37",,"0.00","0.0","0.0","79","91","70","  260","  250","13.0","16.1","    1",,,,,,
"USW00014740","HARTFORD BRADLEY INTERNATIONAL AIRPORT, CT US","2023-07-29","6.26",,"0.97","0.0","0.0","80","87","65","  330","  330","31.1","38.9","    1",,"    1",,,,
"USW00014740","HARTFORD BRADLEY INTERNATIONAL AIRPORT, CT US","2023-07-30","5.82",,"0.00","0.0","0.0","69","79","60","  330","  280","14.1","23.0",,,,,,,
"USW00014740","HARTFORD BRADLEY INTERNATIONAL AIRPORT, CT US","2023-07-31","4.92",,"0.00","0.0","0.0","69","82","57","  310","  310","21.0","25.1",,,,,,,
"USW00014740","HARTFORD BRADLEY INTERNATIONAL AIRPORT, CT US","2023-08-01","7.16",,"0.00","0.0","0.0","69","78","57","  360","  360","17.0","21.9",,,,,,,
"USW00014740","HARTFORD BRADLEY INTERNATIONAL AIRPORT, CT US","2023-08-02","2.91",,"0.00","0.0","0.0","66","79","52","  340","   10","8.9","14.1",,,,,,,
"USW00014740","HARTFORD BRADLEY INTERNATIONAL AIRPORT, CT US","2023-08-03","9.84",,"0.00","0.0","0.0","69","81","57","  200","  180","19.9","25.9",,,,,,,
"USW00014740","HARTFORD BRADLEY INTERNATIONAL AIRPORT, CT US","2023-08-04","9.17",,"0.00","0.0","0.0","72","78","67","  190","  190","17.0","21.9",,,,,,,
"USW00014740","HARTFORD BRADLEY INTERNATIONAL AIRPORT, CT US","2023-08-05","4.70",,"0.00","0.0","0.0","74","85","64","   30","   10","13.0","17.0","    1",,,,,,
"USW00014740","HARTFORD BRADLEY INTERNATIONAL AIRPORT, CT US","2023-08-06","4.25",,"0.00","0.0","0.0","72","85","60","  190","  190","14.1","17.0","    1",,,,,,
"USW00014740","HARTFORD BRADLEY INTERNATIONAL AIRPORT, CT US","2023-08-07","7.83",,"0.52","0.0","0.0","69","75","63","  150","  150","18.1","23.0","    1",,,,,,
"USW00014740","HARTFORD BRADLEY INTERNATIONAL AIRPORT, CT US","2023-08-08","7.16",,"0.02","0.0","0.0","75","84","69","  290","  280","19.9","23.9","    1",,,,,,
"USW00014740","HARTFORD BRADLEY INTERNATIONAL AIRPORT, CT US","2023-08-09","10.07",,"0.00","0.0","0.0","75","85","68","  310","  310","23.0","32.0",,,,,,,
"USW00014740","HARTFORD BRADLEY INTERNATIONAL AIRPORT, CT US","2023-08-10","5.14",,"0.72","0.0","0.0","72","80","64","  200","  200","16.1","21.9","    1",,,,,,
"USW00014740","HARTFORD BRADLEY INTERNATIONAL AIRPORT, CT US","2023-08-11","6.71",,"0.00","0.0","0.0","72","83","62","  260","  270","18.1","25.1",,,,,,,
"USW00014740","HARTFORD BRADLEY INTERNATIONAL AIRPORT, CT US","2023-08-12","6.04",,"0.22","0.0","0.0","71","85","58","  200","  190","21.9","25.9","    1",,"    1",,,,
"USW00014740","HARTFORD BRADLEY INTERNATIONAL AIRPORT, CT US","2023-08-13","7.61",,"0.15","0.0","0.0","76","88","67","  320","  350","17.0","21.0","    1",,"    1",,,,
"USW00014740","HARTFORD BRADLEY INTERNATIONAL AIRPORT, CT US","2023-08-14","4.47",,"0.00","0.0","0.0","74","84","64","  260","  280","15.0","19.9",,,,,,,
"USW00014740","HARTFORD BRADLEY INTERNATIONAL AIRPORT, CT US","2023-08-15","6.26",,"0.76","0.0","0.0","72","73","68","   20","   20","14.1","18.1","    1",,,,,,
"USW00014740","HARTFORD BRADLEY INTERNATIONAL AIRPORT, CT US","2023-08-16","4.03",,"0.00","0.0","0.0","70","79","67","  100","  100","12.1","13.0","    1",,,,,,
"USW00014740","HARTFORD BRADLEY INTERNATIONAL AIRPORT, CT US","2023-08-17","6.71",,"0.00","0.0","0.0","72","77","67","  140","  150","12.1","14.1","    1",,,,,,
"USW00014740","HARTFORD BRADLEY INTERNATIONAL AIRPORT, CT US","2023-08-18","6.93",,"1.06","0.0","0.0","74","84","62","  290","  270","21.0","25.1","    1",,"    1",,,,
"USW00014740","HARTFORD BRADLEY INTERNATIONAL AIRPORT, CT US","2023-08-19","8.05",,"0.00","0.0","0.0","68","77","58","  260","  270","18.1","23.0",,,,,,,
"USW00014740","HARTFORD BRADLEY INTERNATIONAL AIRPORT, CT US","2023-08-20","5.59",,"0.00","0.0","0.0","71","84","57","  240","  230","14.1","19.0",,,,,,,
"USW00014740","HARTFORD BRADLEY INTERNATIONAL AIRPORT, CT US","2023-08-21","4.92",,"0.00","0.0","0.0","74","86","63","  360","   10","17.0","23.0",,,,,,,
"USW00014740","HARTFORD BRADLEY INTERNATIONAL AIRPORT, CT US","2023-08-22","10.29",,"0.00","0.0","0.0","72","80","60","   40","   30","21.0","25.9",,,,,,,
"USW00014740","HARTFORD BRADLEY INTERNATIONAL AIRPORT, CT US","2023-08-23","5.14",,"0.00","0.0","0.0","67","79","54","  190","  180","8.9","12.1",,,,,,,
"USW00014740","HARTFORD BRADLEY INTERNATIONAL AIRPORT, CT US","2023-08-24","6.49",,"0.05","0.0","0.0","65","74","54","  160","  160","17.0","21.9","    1",,,,,,
"USW00014740","HARTFORD BRADLEY INTERNATIONAL AIRPORT, CT US","2023-08-25","8.28",,"0.31","0.0","0.0","69","76","65","  170","  220","15.0","19.9","    1",,,,,,
"USW00014740","HARTFORD BRADLEY INTERNATIONAL AIRPORT, CT US","2023-08-26","6.04",,"0.00","0.0","0.0","76","86","65","  340","  340","13.0","17.0","    1",,,,,,
"USW00014740","HARTFORD BRADLEY INTERNATIONAL AIRPORT, CT US","2023-08-27","5.37",,"0.01","0.0","0.0","71","82","61","   30","   10","12.1","16.1",,,,,,,
"USW00014740","HARTFORD BRADLEY INTERNATIONAL AIRPORT, CT US","2023-08-28","5.37",,"0.00","0.0","0.0","71","81","65","  190","  180","15.0","18.1","    1",,,,,,
"USW00014740","HARTFORD BRADLEY INTERNATIONAL AIRPORT, CT US","2023-08-29","5.37",,"0.00","0.0","0.0","72","83","62","  140","  140","13.0","16.1",,,,,,,
"USW00014740","HARTFORD BRADLEY INTERNATIONAL AIRPORT, CT US","2023-08-30","8.05",,"0.06","0.0","0.0","75","85","65","  310","  300","18.1","23.0","    1",,,,,,
"USW00014740","HARTFORD BRADLEY INTERNATIONAL AIRPORT, CT US","2023-08-31","10.07",,"0.00","0.0","0.0","69","77","56","   30","  350","21.0","25.1",,,,,,,
"USW00014740","HARTFORD BRADLEY INTERNATIONAL AIRPORT, CT US","2023-09-01","4.70",,"0.00","0.0","0.0","63","76","51","   30","   40","12.1","14.1",,,,,,,
"USW00014740","HARTFORD BRADLEY INTERNATIONAL AIRPORT, CT US","2023-09-02","7.83",,"0.00","0.0","0.0","67","80","55","  210","  200","16.1","19.9",,,,,,,
"USW00014740","HARTFORD BRADLEY INTERNATIONAL AIRPORT, CT US","2023-09-03","5.37",,"0.00","0.0","0.0","74","88","63","  270","  290","13.0","18.1",,,,,,,
"USW00014740","HARTFORD BRADLEY INTERNATIONAL AIRPORT, CT US","2023-09-04","2.01",,"0.00","0.0","0.0","75","89","64","   20","   10","8.1","10.1",,,,,,,
"USW00014740","HARTFORD BRADLEY INTERNATIONAL AIRPORT, CT US","2023-09-05","4.47",,"0.00","0.0","0.0","79","92","69","   10","   40","14.1","17.0","    1",,,,,,
"USW00014740","HARTFORD BRADLEY INTERNATIONAL AIRPORT, CT US","2023-09-06","4.03",,"0.00","0.0","0.0","81","92","69","  360","  330","13.0","16.1","    1",,,,,,
"USW00014740","HARTFORD BRADLEY INTERNATIONAL AIRPORT, CT US","2023-09-07","4.70",,"0.00","0.0","0.0","81","95","69","  270","  240","17.0","23.9","    1",,,,,,
"USW00014740","HARTFORD BRADLEY INTERNATIONAL AIRPORT, CT US","2023-09-08","5.82",,"0.15","0.0","0.0","78","89","68","  250","  240","33.1","45.0","    1",,"    1",,,,
"USW00014740","HARTFORD BRADLEY INTERNATIONAL AIRPORT, CT US","2023-09-09","3.80",,"0.61","0.0","0.0","74","86","69","  170","  160","29.1","36.0","    1",,"    1",,,,
"USW00014740","HARTFORD BRADLEY INTERNATIONAL AIRPORT, CT US","2023-09-10","2.91",,"0.35","0.0","0.0","71","79","67","  180","  180","16.1","21.0","    1","    1","    1",,,,
"USW00014740","HARTFORD BRADLEY INTERNATIONAL AIRPORT, CT US","2023-09-11","3.80",,"1.09","0.0","0.0","73","85","69","  150","  120","17.0","19.9","    1","    1","    1",,,,
"USW00014740","HARTFORD BRADLEY INTERNATIONAL AIRPORT, CT US","2023-09-12","4.03",,"0.00","0.0","0.0","73","83","68","   90","  100","10.1","15.0","    1",,,,,,
"USW00014740","HARTFORD BRADLEY INTERNATIONAL AIRPORT, CT US","2023-09-13","3.80",,"1.32","0.0","0.0","69","75","64","  100","  130","12.1","14.1","    1",,"    1",,,,
"USW00014740","HARTFORD BRADLEY INTERNATIONAL AIRPORT, CT US","2023-09-14","7.16",,"0.00","0.0","0.0","68","77","56","  310","  300","15.0","18.1",,,,,,,
"USW00014740","HARTFORD BRADLEY INTERNATIONAL AIRPORT, CT US","2023-09-15","11.18",,"0.00","0.0","0.0","61","69","53","  360","   10","19.9","25.1",,,,,,,
"USW00014740","HARTFORD BRADLEY INTERNATIONAL AIRPORT, CT US","2023-09-16","8.72",,"0.00","0.0","0.0","65","75","55","  300","  300","23.0","29.1",,,,,,,
"USW00014740","HARTFORD BRADLEY INTERNATIONAL AIRPORT, CT US","2023-09-17","4.92",,"0.01","0.0","0.0","65","79","51","  250","  250","15.0","21.0",,,,,,,
"USW00014740","HARTFORD BRADLEY INTERNATIONAL AIRPORT, CT US","2023-09-18","4.70",,"1.52","0.0","0.0","65","68","60","  300","  300","18.1","21.0","    1",,,,,,
"USW00014740","HARTFORD BRADLEY INTERNATIONAL AIRPORT, CT US","2023-09-19","8.95",,"0.00","0.0","0.0","65","74","58","  300","  280","21.0","25.9",,,,,,,
"USW00014740","HARTFORD BRADLEY INTERNATIONAL AIRPORT, CT US","2023-09-20","5.14",,"0.00","0.0","0.0","63","74","51","  300","  290","14.1","18.1",,,,,,,
"USW00014740","HARTFORD BRADLEY INTERNATIONAL AIRPORT, CT US","2023-09-21","3.80",,"0.00","0.0","0.0","60","74","47","   10","   30","14.1","17.0",,,,,,,
"USW00014740","HARTFORD BRADLEY INTERNATIONAL AIRPORT, CT US","2023-09-22","5.82",,"0.00","0.0","0.0","61","74","51","  110","  100","12.1","15.0",,,,,,,
"USW00014740","HARTFORD BRADLEY INTERNATIONAL AIRPORT, CT US","2023-09-23","12.30",,"0.44","0.0","0.0","57","62","53","   20","   30","21.0","25.9","    1",,,,,,
"USW00014740","HARTFORD BRADLEY INTERNATIONAL AIRPORT, CT US","2023-09-24","11.86",,"0.42","0.0","0.0","57","60","54","   10","   10","17.0","21.0","    1",,,,,,
"USW00014740","HARTFORD BRADLEY INTERNATIONAL AIRPORT, CT US","2023-09-25","11.18",,"1.86","0.0","0.0","57","61","54","   30","   30","23.0","29.1","    1",,,,,,
"USW00014740","HARTFORD BRADLEY INTERNATIONAL AIRPORT, CT US","2023-09-26","10.07",,"0.00","0.0","0.0","59","66","46","   30","   10","21.9","25.9",,,,,,,
"USW00014740","HARTFORD BRADLEY INTERNATIONAL AIRPORT, CT US","2023-09-27","5.37",,"0.00","0.0","0.0","55","70","43","  360","   60","14.1","21.0","    1",,,,,,
"USW00014740","HARTFORD BRADLEY INTERNATIONAL AIRPORT, CT US","2023-09-28","6.49",,"0.00","0.0","0.0","55","72","44","  350","  360","12.1","15.0","    1",,,,,,
"USW00014740","HARTFORD BRADLEY INTERNATIONAL AIRPORT, CT US","2023-09-29","9.62",,"4.07","0.0","0.0","54","56","51","   20","  350","16.1","21.0","    1",,,,,,
"USW00014740","HARTFORD BRADLEY INTERNATIONAL AIRPORT, CT US","2023-09-30","6.49",,"0.34","0.0","0.0","57","64","53","  360","   10","17.0","19.9","    1",,,,,,"    1"
"USW00014740","HARTFORD BRADLEY INTERNATIONAL AIRPORT, CT US","2023-10-01","6.93",,"0.00","0.0","0.0","62","78","50","   20","   20","19.9","23.0","    1",,,,,,
"USW00014740","HARTFORD BRADLEY INTERNATIONAL AIRPORT, CT US","2023-10-02","5.59",,"0.00","0.0","0.0","67","77","54","   20","   20","14.1","16.1",,,,,,,
"USW00014740","HARTFORD BRADLEY INTERNATIONAL AIRPORT, CT US","2023-10-03","2.68",,"0.00","0.0","0.0","63","83","48","  210","  220","8.9","11.0","    1",,,,,,
"USW00014740","HARTFORD BRADLEY INTERNATIONAL AIRPORT, CT US","2023-10-04","2.91",,"0.00","0.0","0.0","70","86","57","   40","   30","8.1","10.1","    1",,,,,,
"USW00014740","HARTFORD BRADLEY INTERNATIONAL AIRPORT, CT US","2023-10-05","6.49",,"0.00","0.0","0.0","69","80","59","  150","  150","14.1","17.0","    1","    1",,,,,
"USW00014740","HARTFORD BRADLEY INTERNATIONAL AIRPORT, CT US","2023-10-06","3.36",,"0.02","0.0","0.0","64","69","60","  120","  140","8.1","10.1","    1","    1",,,,,
"USW00014740","HARTFORD BRADLEY INTERNATIONAL AIRPORT, CT US","2023-10-07","6.93",,"0.84","0.0","0.0","67","72","53","  300","  290","23.9","30.0","    1",,,,,,
"USW00014740","HARTFORD BRADLEY INTERNATIONAL AIRPORT, CT US","2023-10-08","10.51",,"0.00","0.0","0.0","56","65","47","  230","  210","21.0","27.1",,,,,,,
"USW00014740","HARTFORD BRADLEY INTERNATIONAL AIRPORT, CT US","2023-10-09","7.38",,"0.00","0.0","0.0","52","64","43","  200","  220","17.0","21.9",,,,,,,
"USW00014740","HARTFORD BRADLEY INTERNATIONAL AIRPORT, CT US","2023-10-10","2.91",,"0.00","0.0","0.0","53","64","44","  230","  240","15.0","23.0",,,,,,,
"USW00014740","HARTFORD BRADLEY INTERNATIONAL AIRPORT, CT US","2023-10-11","3.58",,"0.00","0.0","0.0","55","70","44","  220","  210","17.0","25.1",,,,,,,
"USW00014740","HARTFORD BRADLEY INTERNATIONAL AIRPORT, CT US","2023-10-12","2.91",,"0.00","0.0","0.0","58","72","45","  260","  270","12.1","17.0","    1",,,,,,
"USW00014740","HARTFORD BRADLEY INTERNATIONAL AIRPORT, CT US","2023-10-13","7.38",,"0.00","0.0","0.0","55","66","42","  350","  360","17.0","23.0",,,,,,,
"USW00014740","HARTFORD BRADLEY INTERNATIONAL AIRPORT, CT US","2023-10-14","2.24",,"0.00","0.0","0.0","50","57","43","  220","  220","8.9","11.0",,,,,,,
"USW00014740","HARTFORD BRADLEY INTERNATIONAL AIRPORT, CT US","2023-10-15","8.28",,"0.00","0.0","0.0","52","63","46","  330","  310","19.9","25.1",,,,,,,
"USW00014740","HARTFORD BRADLEY INTERNATIONAL AIRPORT, CT US","2023-10-16","7.61",,"0.01","0.0","0.0","54","62","47","  320","  310","15.0","21.9",,,,,,,
"USW00014740","HARTFORD BRADLEY INTERNATIONAL AIRPORT, CT US","2023-10-17","3.13",,"0.00","0.0","0.0","53","64","43","  350","  350","14.1","17.0","    1",,,,,,
"USW00014740","HARTFORD BRADLEY INTERNATIONAL AIRPORT, CT US","2023-10-18","2.01",,"0.00","0.0","0.0","56","64","51","  170","  180","8.1","10.1",,,,,,,
"USW00014740","HARTFORD BRADLEY INTERNATIONAL AIRPORT, CT US","2023-10-19","6.71",,"0.00","0.0","0.0","56","67","44","  170","  160","19.9","25.1","    1","    1",,,,,"    1"
"USW00014740","HARTFORD BRADLEY INTERNATIONAL AIRPORT, CT US","2023-10-20","3.13",,"0.76","0.0","0.0","55","63","48","  160","  150","15.0","19.0","    1",,,,,,
"USW00014740","HARTFORD BRADLEY INTERNATIONAL AIRPORT, CT US","2023-10-21","9.17",,"0.53","0.0","0.0","60","61","56","  320","  330","28.0","38.9","    1",,,,,,
"USW00014740","HARTFORD BRADLEY INTERNATIONAL AIRPORT, CT US","2023-10-22","12.30",,"0.00","0.0","0.0","54","58","43","  290","  280","23.9","33.1",,,,,,,
"USW00014740","HARTFORD BRADLEY INTERNATIONAL AIRPORT, CT US","2023-10-23","6.71",,"0.00","0.0","0.0","50","61","38","  330","  300","16.1","19.9",,,,,,,
"USW00014740","HARTFORD BRADLEY INTERNATIONAL AIRPORT, CT US","2023-10-24","5.59",,"0.00","0.0","0.0","47","62","34","  230","  220","14.1","18.1",,,,,,,
"USW00014740","HARTFORD BRADLEY INTERNATIONAL AIRPORT, CT US","2023-10-25","5.59",,"0.00","0.0","0.0","57","75","43","  170","  180","13.0","15.0","    1",,,,,,
"USW00014740","HARTFORD BRADLEY INTERNATIONAL AIRPORT, CT US","2023-10-26","3.58",,"0.00","0.0","0.0","65","80","51","  160","  160","12.1","15.0",,,,,,,
"USW00014740","HARTFORD BRADLEY INTERNATIONAL AIRPORT, CT US","2023-10-27","4.92",,"0.00","0.0","0.0","67","80","58","  150","  140","14.1","17.0",,,,,,,
"USW00014740","HARTFORD BRADLEY INTERNATIONAL AIRPORT, CT US","2023-10-28","6.26",,"0.00","0.0","0.0","66","84","51","  320","  310","18.1","23.9","    1",,,,,,
"USW00014740","HARTFORD BRADLEY INTERNATIONAL AIRPORT, CT US","2023-10-29","7.38",,"0.56","0.0","0.0","52","54","44","   20","   10","15.0","18.1","    1",,,,,,
"USW00014740","HARTFORD BRADLEY INTERNATIONAL AIRPORT, CT US","2023-10-30","5.82",,"0.27","0.0","0.0","47","51","45","  330","  340","15.0","21.0","    1",,,,,,
"USW00014740","HARTFORD BRADLEY INTERNATIONAL AIRPORT, CT US","2023-10-31","4.70",,"0.00","0.0","0.0","45","52","33","   20","  350","12.1","17.0",,,,,,,
"USW00014740","HARTFORD BRADLEY INTERNATIONAL AIRPORT, CT US","2023-11-01","5.37",,"0.19","0.0","0.0","40","42","29","   20","   20","13.0","16.1","    1",,,,,,
"USW00014740","HARTFORD BRADLEY INTERNATIONAL AIRPORT, CT US","2023-11-02","4.92",,"0.00","0.0","0.0","36","49","27","  260","  280","13.0","16.1",,,,,,,
"USW00014740","HARTFORD BRADLEY INTERNATIONAL AIRPORT, CT US","2023-11-03","8.28",,"0.00","0.0","0.0","43","57","31","  190","  200","21.0","25.9",,,,,,,
"USW00014740","HARTFORD BRADLEY INTERNATIONAL AIRPORT, CT US","2023-11-04","5.37",,"0.00","0.0","0.0","49","59","40","  210","  210","13.0","19.0",,,,,,,
"USW00014740","HARTFORD BRADLEY INTERNATIONAL AIRPORT, CT US","2023-11-05","4.70",,"0.00","0.0","0.0","51","63","42","  310","  290","15.0","23.0",,,,,,,
"USW00014740","HARTFORD BRADLEY INTERNATIONAL AIRPORT, CT US","2023-11-06","3.80",,"0.04","0.0","0.0","45","53","34","  360","  350","10.1","13.0","    1",,,,,,
"USW00014740","HARTFORD BRADLEY INTERNATIONAL AIRPORT, CT US","2023-11-07","10.51",,"0.02","0.0","0.0","53","67","46","  300","  350","19.9","25.1","    1",,,,,,
"USW00014740","HARTFORD BRADLEY INTERNATIONAL AIRPORT, CT US","2023-11-08","10.51",,"0.00","0.0","0.0","44","48","36","  310","  310","25.1","35.1",,,,,,,
"USW00014740","HARTFORD BRADLEY INTERNATIONAL AIRPORT, CT US","2023-11-09","3.58",,"0.01","0.0","0.0","38","40","33","   10","   20","8.9","11.0","    1",,,,,,
"USW00014740","HARTFORD BRADLEY INTERNATIONAL AIRPORT, CT US","2023-11-10","5.37",,"0.00","0.0","0.0","42","52","33","  220","  230","13.0","16.1","    1","    1",,,,,
"USW00014740","HARTFORD BRADLEY INTERNATIONAL AIRPORT, CT US","2023-11-11","6.49",,"0.00","0.0","0.0","43","52","29","  300","  300","18.1","25.9",,,,,,,
"USW00014740","HARTFORD BRADLEY INTERNATIONAL AIRPORT, CT US","2023-11-12","2.91",,"0.00","0.0","0.0","34","43","25","  330","  330","12.1","16.1",,,,,,,
"USW00014740","HARTFORD BRADLEY INTERNATIONAL AIRPORT, CT US","2023-11-13","2.46",,"0.00","0.0","0.0","32","44","21","  120","  120","10.1","13.0",,,,,,,
"USW00014740","HARTFORD BRADLEY INTERNATIONAL AIRPORT, CT US","2023-11-14","4.92",,"0.00","0.0","0.0","38","49","28","  330","  320","19.9","23.9",,,,,,,
"USW00014740","HARTFORD BRADLEY INTERNATIONAL AIRPORT, CT US","2023-11-15","6.49",,"0.00","0.0","0.0","37","52","24","  190","  190","15.0","19.0",,,,,,,
"USW00014740","HARTFORD BRADLEY INTERNATIONAL AIRPORT, CT US","2023-11-16","3.13",,"0.00","0.0","0.0","48","64","32","  180","  140","12.1","14.1",,,,,,,
"USW00014740","HARTFORD BRADLEY INTERNATIONAL AIRPORT, CT US","2023-11-17","8.05",,"0.00","0.0","0.0","49","66","33","  200","  190","21.9","30.0","    1","    1",,,,,"    1"
"USW00014740","HARTFORD BRADLEY INTERNATIONAL AIRPORT, CT US","2023-11-18","8.50",,"0.05","0.0","0.0","52","55","33","  330","  320","19.9","25.9","    1",,,,,,
"USW00014740","HARTFORD BRADLEY INTERNATIONAL AIRPORT, CT US","2023-11-19","8.50",,"0.00","0.0","0.0","40","54","28","  310","  300","23.0","31.1",,,,,,,
"USW00014740","HARTFORD BRADLEY INTERNATIONAL AIRPORT, CT US","2023-11-20","7.83",,"0.00","0.0","0.0","37","44","27","  360","  360","17.0","21.0",,,,,,,
"USW00014740","HARTFORD BRADLEY INTERNATIONAL AIRPORT, CT US","2023-11-21","5.37",,"0.30","0.0","0.0","31","40","21","  120","  140","12.1","15.0",,,,,,,
"USW00014740","HARTFORD BRADLEY INTERNATIONAL AIRPORT, CT US","2023-11-22","9.62",,"0.78","0.0","0.0","40","47","36","  360","   10","19.9","25.9","    1",,,,,,
"USW00014740","HARTFORD BRADLEY INTERNATIONAL AIRPORT, CT US","2023-11-23","9.17",,"0.00","0.0","0.0","44","50","33","  330","  340","23.0","29.1",,,,,,,
"USW00014740","HARTFORD BRADLEY INTERNATIONAL AIRPORT, CT US","2023-11-24","9.84",,"0.00","0.0","0.0","45","49","28","  320","  330","21.9","28.0",,,,,,,
"USW00014740","HARTFORD BRADLEY INTERNATIONAL AIRPORT, CT US","2023-11-25","3.80",,"0.00","0.0","0.0","30","38","22","  150","  290","8.9","12.1",,,,,,,
"USW00014740","HARTFORD BRADLEY INTERNATIONAL AIRPORT, CT US","2023-11-26","2.68",,"0.11","0.0","0.0","31","49","21","  120","  120","14.1","19.0","    1",,,,,,
"USW00014740","HARTFORD BRADLEY INTERNATIONAL AIRPORT, CT US","2023-11-27","8.05",,"0.33","0.0","0.0","45","54","37","  350","  150","21.9","30.0","    1",,,,,,
"USW00014740","HARTFORD BRADLEY INTERNATIONAL AIRPORT, CT US","2023-11-28","12.75",,"0.00","0.0","0.0","36","40","30","  290","  280","28.0","36.9",,,,,,,
"USW00014740","HARTFORD BRADLEY INTERNATIONAL AIRPORT, CT US","2023-11-29","8.72",,"0.00","0.0","0.0","31","38","25","  280","  320","19.9","25.9",,,,,,,
"USW00014740","HARTFORD BRADLEY INTERNATIONAL AIRPORT, CT US","2023-11-30","8.50",,"0.00","0.0","0.0","36","49","25","  190","  190","15.0","21.0",,,,,,,
"USW00014740","HARTFORD BRADLEY INTERNATIONAL AIRPORT, CT US","2023-12-01","6.71",,"0.08","0.0","0.0","43","51","34","  170","  170","15.0","18.1","    1",,,,,,
"USW00014740","HARTFORD BRADLEY INTERNATIONAL AIRPORT, CT US","2023-12-02","3.80",,"0.00","0.0","0.0","46","51","39","  220","  200","8.9","11.0","    1","    1",,,,,
"USW00014740","HARTFORD BRADLEY INTERNATIONAL AIRPORT, CT US","2023-12-03","6.93",,"0.81","0.0","0.0","43","45","39","  290","   20","17.0","19.9","    1","    1",,,,,
"USW00014740","HARTFORD BRADLEY INTERNATIONAL AIRPORT, CT US","2023-12-04","4.70",,"0.00","0.0","0.0","42","53","35","  230","  230","13.0","15.0","    1","    1",,,,,
"USW00014740","HARTFORD BRADLEY INTERNATIONAL AIRPORT, CT US","2023-12-05","8.05",,"0.00","0.0","0.0","39","40","32","  290","  290","19.9","25.1",,,,,,,
"USW00014740","HARTFORD BRADLEY INTERNATIONAL AIRPORT, CT US","2023-12-06","5.82",,"0.00","0.0","0.0","33","39","28","  300","  340","16.1","21.0",,,,,,,
"USW00014740","HARTFORD BRADLEY INTERNATIONAL AIRPORT, CT US","2023-12-07","2.46",,"0.00","0.0","0.0","30","34","21","  330","  330","13.0","18.1",,,,,,,
"USW00014740","HARTFORD BRADLEY INTERNATIONAL AIRPORT, CT US","2023-12-08","2.46",,"0.00","0.0","0.0","35","48","27","  180","  180","12.1","15.0",,,,,,,
"USW00014740","HARTFORD BRADLEY INTERNATIONAL AIRPORT, CT US","2023-12-09","2.24",,"0.00","0.0","0.0","41","52","31","  310","  310","6.9","6.9","    1",,,,,,"    1"
"USW00014740","HARTFORD BRADLEY INTERNATIONAL AIRPORT, CT US","2023-12-10","6.93",,"1.47","0.0","0.0","49","60","45","  180","  170","21.9","29.1","    1","    1",,,,,
"USW00014740","HARTFORD BRADLEY INTERNATIONAL AIRPORT, CT US","2023-12-11","13.20",,"0.72","0.0","0.0","46","49","35","  290","  310","28.0","38.0","    1",,,,,,
"USW00014740","HARTFORD BRADLEY INTERNATIONAL AIRPORT, CT US","2023-12-12","9.62",,"0.00","0.0","0.0","38","44","31","  310","  230","18.1","23.9",,,,,,,
"USW00014740","HARTFORD BRADLEY INTERNATIONAL AIRPORT, CT US","2023-12-13","10.07",,"0.00","0.0","0.0","37","45","27","  320","  320","21.9","30.0",,,,,,,"    1"
"USW00014740","HARTFORD BRADLEY INTERNATIONAL AIRPORT, CT US","2023-12-14","7.83",,"0.00","0.0","0.0","32","38","24","  310","  330","15.0","19.9",,,,,,,
"USW00014740","HARTFORD BRADLEY INTERNATIONAL AIRPORT, CT US","2023-12-15","6.93",,"0.00","0.0","0.0","39","58","29","  310","  310","19.9","25.9",,,,,,,
"USW00014740","HARTFORD BRADLEY INTERNATIONAL AIRPORT, CT US","2023-12-16","4.47",,"0.00","0.0","0.0","45","54","30","   20","   20","17.0","21.0",,,,,,,
"USW00014740","HARTFORD BRADLEY INTERNATIONAL AIRPORT, CT US","2023-12-17","5.82",,"0.90","0.0","0.0","38","47","30","   20","   10","14.1","18.1","    1",,"    1",,,,
"USW00014740","HARTFORD BRADLEY INTERNATIONAL AIRPORT, CT US","2023-12-18","16.33",,"2.17","0.0","0.0","54","64","43","  150","  140","40.0","51.0","    1",,,,,,
"USW00014740","HARTFORD BRADLEY INTERNATIONAL AIRPORT, CT US","2023-12-19","9.84",,"0.00","0.0","0.0","40","46","31","  300","  310","19.9","25.1",,,,,,,
"USW00014740","HARTFORD BRADLEY INTERNATIONAL AIRPORT, CT US","2023-12-20","7.61",,"0.00","0.0","0.0","34","46","27","  350","  360","23.0","30.0",,,,,,,
"USW00014740","HARTFORD BRADLEY INTERNATIONAL AIRPORT, CT US","2023-12-21","10.07",,"0.00","0.0","0.0","34","38","23","  340","  360","19.9","25.1",,,,,,,
"USW00014740","HARTFORD BRADLEY INTERNATIONAL AIRPORT, CT US","2023-12-22","3.36",,"0.00","0.0","0.0","25","35","17","   20","   20","13.0","16.1",,,,,,,
"USW00014740","HARTFORD BRADLEY INTERNATIONAL AIRPORT, CT US","2023-12-23","1.12",,"0.00","0.0","0.0","26","36","18","  300","  320","6.0","6.9",,,,,,,
"USW00014740","HARTFORD BRADLEY INTERNATIONAL AIRPORT, CT US","2023-12-24","1.12",,"0.00","0.0","0.0","35","42","32","  360","   10","4.9","6.0",,,,,,,
"USW00014740","HARTFORD BRADLEY INTERNATIONAL AIRPORT, CT US","2023-12-25","2.01",,"0.00","0.0","0.0","40","47","36","   10","  350","8.1","10.1","    1","    1",,,,,
"USW00014740","HARTFORD BRADLEY INTERNATIONAL AIRPORT, CT US","2023-12-26","2.68",,"0.00","0.0","0.0","38","41","36","  180","  180","6.9","8.1","    1","    1",,,,,
"USW00014740","HARTFORD BRADLEY INTERNATIONAL AIRPORT, CT US","2023-12-27","2.68",,"0.13","0.0","0.0","42","46","40","   10","  350","8.1","11.0","    1","    1",,,,,
"USW00014740","HARTFORD BRADLEY INTERNATIONAL AIRPORT, CT US","2023-12-28","10.51",,"1.70","0.0","0.0","46","49","44","   20","   10","17.0","21.9","    1",,,,,,
"USW00014740","HARTFORD BRADLEY INTERNATIONAL AIRPORT, CT US","2023-12-29","4.03",,"0.05","0.0","0.0","45","47","42","  180","  360","8.9","11.0","    1",,,,,,
"USW00014740","HARTFORD BRADLEY INTERNATIONAL AIRPORT, CT US","2023-12-30","8.95",,"0.01","0.0","0.0","44","46","35","  310","  310","21.9","28.0",,,,,,,
"USW00014740","HARTFORD BRADLEY INTERNATIONAL AIRPORT, CT US","2023-12-31","8.72",,"0.00","0.0","0.0","37","39","35","  320","  320","18.1","23.9",,,,,,,
